Time Casa, Time Fora, ID, Dia, Mes, Ano, Hora
GSW,TOR,0011600001,01,10,2016,19:30:00
DAL,NOP,0011600002,01,10,2016,20:00:00
SDS,HOU,0011600003,02,10,2016,20:00:00
OKC,RMD,0011600010,03,10,2016,14:30:00
DEN,TOR,0011600004,03,10,2016,20:00:00
MIL,CHI,0011600005,03,10,2016,20:00:00
ORL,MEM,0011600006,03,10,2016,20:00:00
CHA,DAL,0011600009,03,10,2016,20:30:00
SAS,PHX,0011600007,03,10,2016,22:00:00
UTA,POR,0011600008,03,10,2016,22:00:00
BOS,PHI,0011600011,04,10,2016,19:00:00
MIA,WAS,0011600012,04,10,2016,19:00:00
IND,NOP,0011600013,04,10,2016,20:00:00
NYK,HOU,0011600014,04,10,2016,20:00:00
SAC,LAL,0011600015,04,10,2016,22:00:00
LAC,GSW,0011600016,04,10,2016,22:30:00
OKC,FCB,0011600020,05,10,2016,14:30:00
ORL,CLE,0011600017,05,10,2016,19:00:00
UTA,PHX,0011600018,05,10,2016,22:00:00
TOR,LAC,0011600019,05,10,2016,22:30:00
WAS,PHI,0011600021,06,10,2016,19:00:00
CHI,IND,0011600022,06,10,2016,19:00:00
DET,BKN,0011600024,06,10,2016,19:30:00
BOS,CHA,0011600025,06,10,2016,19:30:00
ATL,MEM,0011600023,06,10,2016,20:00:00
SAC,GSW,0011600026,06,10,2016,22:30:00
PHX,POR,0011600027,07,10,2016,22:00:00
DEN,LAL,0011600028,07,10,2016,22:30:00
CHA,BOS,0011600029,08,10,2016,15:30:00
BKN,NYK,0011600031,08,10,2016,19:30:00
PHI,CLE,0011600033,08,10,2016,19:30:00
IND,CHI,0011600030,08,10,2016,20:00:00
MIN,MIA,0011600032,08,10,2016,20:30:00
DAL,MIL,0011600034,08,10,2016,20:30:00
ATL,SAS,0011600035,08,10,2016,20:30:00
NOP,HOU,0011600037,09,10,2016,07:30:00
DEN,LAL,0011600036,09,10,2016,21:30:00
MIN,CHA,0011600038,10,10,2016,19:00:00
WAS,NYK,0011600039,10,10,2016,19:30:00
CLE,ATL,0011600040,10,10,2016,19:30:00
SAS,DET,0011600041,10,10,2016,19:30:00
UTA,LAC,0011600042,10,10,2016,22:30:00
MAC,SAC,0011600043,10,10,2016,22:30:00
BKN,MIA,0011600045,11,10,2016,19:30:00
PHI,MEM,0011600044,11,10,2016,20:00:00
OKC,DAL,0011600046,11,10,2016,20:30:00
POR,LAL,0011600047,11,10,2016,22:30:00
HOU,NOP,0011600052,12,10,2016,07:30:00
SAS,ORL,0011600049,12,10,2016,19:00:00
MIL,IND,0011600048,12,10,2016,19:30:00
DEN,MIN,0011600050,12,10,2016,20:00:00
PHX,UTA,0011600051,12,10,2016,21:00:00
PHI,WAS,0011600053,13,10,2016,19:00:00
BOS,BKN,0011600055,13,10,2016,19:30:00
DET,ATL,0011600056,13,10,2016,19:30:00
MEM,OKC,0011600054,13,10,2016,20:00:00
TOR,CLE,0011600059,13,10,2016,20:00:00
POR,LAC,0011600057,13,10,2016,22:30:00
SAC,LAL,0011600058,13,10,2016,22:30:00
SLA,TOR,0011600060,14,10,2016,19:00:00
IND,ORL,0011600061,14,10,2016,19:00:00
CLE,CHI,0011600062,14,10,2016,20:00:00
MIA,SAS,0011600065,14,10,2016,20:30:00
GSW,DEN,0011600063,14,10,2016,21:00:00
DAL,PHX,0011600064,14,10,2016,22:00:00
DET,PHI,0011600066,15,10,2016,19:00:00
WAS,SAC,0011600069,15,10,2016,19:00:00
BOS,NYK,0011600070,15,10,2016,19:30:00
MIN,MIA,0011600071,15,10,2016,19:30:00
MEM,HOU,0011600067,15,10,2016,20:00:00
CHI,MIL,0011600072,15,10,2016,20:30:00
GSW,LAL,0011600068,15,10,2016,22:00:00
ATL,ORL,0011600073,16,10,2016,18:00:00
MIN,OKC,0011600074,16,10,2016,19:00:00
DEN,POR,0011600075,16,10,2016,21:00:00
BKN,BOS,0011600078,17,10,2016,19:30:00
MIL,DET,0011600079,17,10,2016,19:30:00
CHA,CHI,0011600076,17,10,2016,20:00:00
LAC,UTA,0011600077,17,10,2016,21:00:00
WAS,CLE,0011600080,18,10,2016,19:00:00
NOP,ATL,0011600083,18,10,2016,19:30:00
ORL,MIA,0011600084,18,10,2016,19:30:00
DEN,OKC,0011600081,18,10,2016,20:00:00
LAC,SAC,0011600082,18,10,2016,22:00:00
NYK,BOS,0011600089,19,10,2016,19:30:00
TOR,DET,0011600090,19,10,2016,19:30:00
IND,MIL,0011600085,19,10,2016,20:00:00
MEM,MIN,0011600086,19,10,2016,20:00:00
HOU,DAL,0011600091,19,10,2016,20:30:00
POR,UTA,0011600087,19,10,2016,21:00:00
GSW,LAL,0011600088,19,10,2016,22:00:00
MIA,CHA,0011600092,20,10,2016,19:00:00
NOP,ORL,0011600093,20,10,2016,19:00:00
NYK,BKN,0011600095,20,10,2016,19:30:00
ATL,CHI,0011600094,20,10,2016,20:00:00
TOR,WAS,0011600096,21,10,2016,19:00:00
PHI,MIA,0011600100,21,10,2016,19:30:00
CHA,MIN,0011600097,21,10,2016,20:00:00
HOU,SAS,0011600101,21,10,2016,20:30:00
DAL,DEN,0011600098,21,10,2016,21:00:00
PHX,LAL,0011600099,21,10,2016,22:00:00
POR,GSW,0011600102,21,10,2016,22:30:00
NYK,CLE,0021600001,25,10,2016,20:00:00
UTA,POR,0021600002,25,10,2016,22:00:00
SAS,GSW,0021600003,25,10,2016,22:30:00
MIA,ORL,0021600004,26,10,2016,19:00:00
DAL,IND,0021600005,26,10,2016,19:00:00
BKN,BOS,0021600006,26,10,2016,19:30:00
DET,TOR,0021600007,26,10,2016,19:30:00
CHA,MIL,0021600008,26,10,2016,20:00:00
MIN,MEM,0021600009,26,10,2016,20:00:00
DEN,NOP,0021600010,26,10,2016,20:00:00
OKC,PHI,0021600011,26,10,2016,20:00:00
SAC,PHX,0021600012,26,10,2016,22:00:00
HOU,LAL,0021600013,26,10,2016,22:30:00
WAS,ATL,0021600014,27,10,2016,19:30:00
BOS,CHI,0021600015,27,10,2016,20:00:00
SAS,SAC,0021600016,27,10,2016,22:30:00
LAC,POR,0021600017,27,10,2016,22:30:00
CLE,TOR,0021600018,28,10,2016,19:00:00
IND,BKN,0021600019,28,10,2016,19:30:00
ORL,DET,0021600020,28,10,2016,19:30:00
PHX,OKC,0021600021,28,10,2016,20:00:00
CHA,MIA,0021600022,28,10,2016,20:00:00
HOU,DAL,0021600023,28,10,2016,20:30:00
LAL,UTA,0021600024,28,10,2016,21:00:00
GSW,NOP,0021600025,28,10,2016,21:30:00
ATL,PHI,0021600026,29,10,2016,12:30:00
BOS,CHA,0021600027,29,10,2016,19:00:00
MEM,NYK,0021600028,29,10,2016,19:30:00
ORL,CLE,0021600029,29,10,2016,19:30:00
IND,CHI,0021600030,29,10,2016,20:00:00
BKN,MIL,0021600031,29,10,2016,20:00:00
NOP,SAS,0021600032,29,10,2016,20:00:00
POR,DEN,0021600033,29,10,2016,21:00:00
MIN,SAC,0021600034,29,10,2016,22:30:00
UTA,LAC,0021600035,30,10,2016,16:30:00
GSW,PHX,0021600036,30,10,2016,18:00:00
SAS,MIA,0021600037,30,10,2016,18:00:00
MIL,DET,0021600038,30,10,2016,18:00:00
LAL,OKC,0021600040,30,10,2016,19:00:00
WAS,MEM,0021600039,30,10,2016,20:00:00
DAL,HOU,0021600041,30,10,2016,20:00:00
DEN,TOR,0021600042,31,10,2016,19:30:00
CHI,BKN,0021600043,31,10,2016,19:30:00
SAC,ATL,0021600044,31,10,2016,19:30:00
PHX,LAC,0021600045,31,10,2016,22:30:00
ORL,PHI,0021600046,01,11,2016,19:00:00
HOU,CLE,0021600047,01,11,2016,19:00:00
LAL,IND,0021600048,01,11,2016,19:00:00
SAC,MIA,0021600049,01,11,2016,19:30:00
NYK,DET,0021600050,01,11,2016,19:30:00
MIL,NOP,0021600051,01,11,2016,20:00:00
MEM,MIN,0021600052,01,11,2016,20:00:00
UTA,SAS,0021600053,01,11,2016,20:30:00
GSW,POR,0021600054,01,11,2016,22:00:00
TOR,WAS,0021600055,02,11,2016,19:00:00
PHI,CHA,0021600056,02,11,2016,19:00:00
DET,BKN,0021600057,02,11,2016,19:30:00
HOU,NYK,0021600058,02,11,2016,19:30:00
LAL,ATL,0021600059,02,11,2016,19:30:00
NOP,MEM,0021600060,02,11,2016,20:00:00
CHI,BOS,0021600061,02,11,2016,20:00:00
DAL,UTA,0021600062,02,11,2016,21:00:00
POR,PHX,0021600063,02,11,2016,22:00:00
OKC,LAC,0021600064,02,11,2016,22:30:00
SAC,ORL,0021600065,03,11,2016,19:00:00
IND,MIL,0021600066,03,11,2016,20:00:00
DEN,MIN,0021600067,03,11,2016,20:00:00
BOS,CLE,0021600068,03,11,2016,20:00:00
OKC,GSW,0021600069,03,11,2016,22:30:00
ATL,WAS,0021600070,04,11,2016,19:00:00
MIA,TOR,0021600071,04,11,2016,19:30:00
CHA,BKN,0021600072,04,11,2016,19:30:00
NYK,CHI,0021600073,04,11,2016,20:00:00
LAC,MEM,0021600074,04,11,2016,20:00:00
PHX,NOP,0021600075,04,11,2016,20:00:00
POR,DAL,0021600076,04,11,2016,20:30:00
SAS,UTA,0021600077,04,11,2016,21:00:00
GSW,LAL,0021600078,04,11,2016,22:30:00
MIN,OKC,0021600079,05,11,2016,18:00:00
CLE,PHI,0021600080,05,11,2016,19:00:00
WAS,ORL,0021600081,05,11,2016,19:00:00
DEN,DET,0021600082,05,11,2016,19:00:00
CHI,IND,0021600083,05,11,2016,19:00:00
HOU,ATL,0021600084,05,11,2016,19:30:00
SAC,MIL,0021600085,05,11,2016,20:00:00
LAC,SAS,0021600086,05,11,2016,20:30:00
UTA,NYK,0021600087,06,11,2016,12:00:00
POR,MEM,0021600088,06,11,2016,15:30:00
SAC,TOR,0021600089,06,11,2016,18:00:00
MIL,DAL,0021600090,06,11,2016,19:00:00
DEN,BOS,0021600091,06,11,2016,19:30:00
PHX,LAL,0021600092,06,11,2016,21:30:00
UTA,PHI,0021600093,07,11,2016,19:00:00
HOU,WAS,0021600094,07,11,2016,19:00:00
IND,CHA,0021600095,07,11,2016,19:00:00
ORL,CHI,0021600096,07,11,2016,20:00:00
MIA,OKC,0021600097,07,11,2016,20:00:00
DET,LAC,0021600098,07,11,2016,22:30:00
NOP,GSW,0021600099,07,11,2016,22:30:00
ATL,CLE,0021600100,08,11,2016,19:00:00
MIN,BKN,0021600101,08,11,2016,19:30:00
DEN,MEM,0021600102,08,11,2016,20:00:00
PHX,POR,0021600103,08,11,2016,22:00:00
DAL,LAL,0021600104,08,11,2016,22:30:00
NOP,SAC,0021600105,08,11,2016,22:30:00
BKN,NYK,0021600106,09,11,2016,19:00:00
BOS,WAS,0021600107,09,11,2016,19:00:00
UTA,CHA,0021600108,09,11,2016,19:00:00
MIN,ORL,0021600109,09,11,2016,19:00:00
PHI,IND,0021600110,09,11,2016,19:00:00
CHI,ATL,0021600111,09,11,2016,19:30:00
TOR,OKC,0021600112,09,11,2016,20:00:00
DET,PHX,0021600113,09,11,2016,21:00:00
HOU,SAS,0021600114,09,11,2016,21:30:00
POR,LAC,0021600115,09,11,2016,22:30:00
DAL,GSW,0021600116,09,11,2016,22:30:00
NOP,MIL,0021600117,10,11,2016,20:00:00
CHI,MIA,0021600118,10,11,2016,20:00:00
GSW,DEN,0021600119,10,11,2016,21:00:00
LAL,SAC,0021600120,10,11,2016,22:30:00
IND,PHI,0021600121,11,11,2016,19:00:00
CLE,WAS,0021600122,11,11,2016,19:00:00
TOR,CHA,0021600123,11,11,2016,19:00:00
UTA,ORL,0021600124,11,11,2016,19:00:00
NYK,BOS,0021600125,11,11,2016,19:30:00
LAC,OKC,0021600126,11,11,2016,20:00:00
DET,SAS,0021600127,11,11,2016,20:30:00
SAC,POR,0021600128,11,11,2016,22:00:00
LAL,NOP,0021600129,12,11,2016,19:00:00
BOS,IND,0021600130,12,11,2016,19:00:00
NYK,TOR,0021600131,12,11,2016,19:30:00
PHI,ATL,0021600132,12,11,2016,19:30:00
WAS,CHI,0021600133,12,11,2016,20:00:00
SAS,HOU,0021600134,12,11,2016,20:00:00
LAC,MIN,0021600135,12,11,2016,20:00:00
UTA,MIA,0021600136,12,11,2016,20:00:00
MEM,MIL,0021600137,12,11,2016,20:30:00
DET,DEN,0021600138,12,11,2016,21:00:00
BKN,PHX,0021600139,12,11,2016,21:00:00
CHA,CLE,0021600140,13,11,2016,15:30:00
ORL,OKC,0021600141,13,11,2016,19:00:00
LAL,MIN,0021600142,13,11,2016,19:00:00
PHX,GSW,0021600143,13,11,2016,20:00:00
DEN,POR,0021600144,13,11,2016,21:00:00
ORL,IND,0021600145,14,11,2016,19:00:00
DAL,NYK,0021600146,14,11,2016,19:30:00
OKC,DET,0021600147,14,11,2016,19:30:00
BOS,NOP,0021600148,14,11,2016,20:00:00
PHI,HOU,0021600149,14,11,2016,20:00:00
MIA,SAS,0021600150,14,11,2016,20:30:00
MEM,UTA,0021600151,14,11,2016,21:00:00
BKN,LAC,0021600152,14,11,2016,22:30:00
TOR,CLE,0021600153,15,11,2016,19:00:00
ATL,MIA,0021600154,15,11,2016,19:30:00
CHA,MIN,0021600155,15,11,2016,20:00:00
CHI,POR,0021600156,15,11,2016,22:00:00
BKN,LAL,0021600157,15,11,2016,22:30:00
WAS,PHI,0021600158,16,11,2016,19:00:00
NOP,ORL,0021600159,16,11,2016,19:00:00
CLE,IND,0021600160,16,11,2016,19:00:00
DAL,BOS,0021600161,16,11,2016,19:30:00
DET,NYK,0021600162,16,11,2016,19:30:00
MIL,ATL,0021600163,16,11,2016,19:30:00
HOU,OKC,0021600164,16,11,2016,20:00:00
GSW,TOR,0021600165,16,11,2016,20:00:00
PHX,DEN,0021600166,16,11,2016,21:00:00
MEM,LAC,0021600167,16,11,2016,22:30:00
SAS,SAC,0021600168,16,11,2016,22:30:00
NYK,WAS,0021600169,17,11,2016,19:00:00
MIL,MIA,0021600170,17,11,2016,19:30:00
POR,HOU,0021600171,17,11,2016,20:00:00
PHI,MIN,0021600172,17,11,2016,20:00:00
CHI,UTA,0021600173,17,11,2016,22:30:00
ATL,CHA,0021600174,18,11,2016,19:00:00
PHX,IND,0021600176,18,11,2016,19:00:00
DET,CLE,0021600175,18,11,2016,19:30:00
POR,NOP,0021600177,18,11,2016,20:00:00
BKN,OKC,0021600178,18,11,2016,20:00:00
GSW,BOS,0021600179,18,11,2016,20:00:00
MEM,DAL,0021600180,18,11,2016,20:30:00
TOR,DEN,0021600181,18,11,2016,21:00:00
SAS,LAL,0021600182,18,11,2016,22:30:00
LAC,SAC,0021600183,18,11,2016,22:30:00
UTA,HOU,0021600184,19,11,2016,17:00:00
CHA,NOP,0021600185,19,11,2016,19:00:00
MIA,WAS,0021600186,19,11,2016,19:00:00
DAL,ORL,0021600187,19,11,2016,19:00:00
BOS,DET,0021600188,19,11,2016,19:00:00
PHX,PHI,0021600189,19,11,2016,19:30:00
MIN,MEM,0021600190,19,11,2016,20:00:00
GSW,MIL,0021600191,19,11,2016,20:30:00
CHI,LAC,0021600192,19,11,2016,22:30:00
ATL,NYK,0021600193,20,11,2016,12:00:00
POR,BKN,0021600194,20,11,2016,15:30:00
IND,OKC,0021600195,20,11,2016,19:00:00
TOR,SAC,0021600196,20,11,2016,21:00:00
UTA,DEN,0021600197,20,11,2016,21:00:00
CHI,LAL,0021600198,20,11,2016,21:30:00
MIA,PHI,0021600199,21,11,2016,19:00:00
PHX,WAS,0021600200,21,11,2016,19:00:00
MEM,CHA,0021600201,21,11,2016,19:00:00
GSW,IND,0021600202,21,11,2016,19:00:00
HOU,DET,0021600203,21,11,2016,19:30:00
ORL,MIL,0021600204,21,11,2016,20:00:00
BOS,MIN,0021600205,21,11,2016,20:00:00
DAL,SAS,0021600206,21,11,2016,20:30:00
TOR,LAC,0021600207,21,11,2016,22:30:00
POR,NYK,0021600208,22,11,2016,19:30:00
NOP,ATL,0021600209,22,11,2016,19:30:00
CHI,DEN,0021600210,22,11,2016,21:00:00
OKC,LAL,0021600211,22,11,2016,22:30:00
MEM,PHI,0021600212,23,11,2016,19:00:00
SAS,CHA,0021600213,23,11,2016,19:00:00
PHX,ORL,0021600214,23,11,2016,19:00:00
POR,CLE,0021600215,23,11,2016,19:00:00
ATL,IND,0021600216,23,11,2016,19:00:00
BOS,BKN,0021600217,23,11,2016,19:30:00
MIA,DET,0021600218,23,11,2016,19:30:00
TOR,HOU,0021600219,23,11,2016,20:00:00
LAC,DAL,0021600220,23,11,2016,20:30:00
DEN,UTA,0021600221,23,11,2016,21:00:00
MIN,NOP,0021600222,23,11,2016,21:30:00
LAL,GSW,0021600223,23,11,2016,22:30:00
OKC,SAC,0021600224,23,11,2016,22:30:00
SAS,BOS,0021600225,25,11,2016,13:00:00
WAS,ORL,0021600226,25,11,2016,19:00:00
DAL,CLE,0021600227,25,11,2016,19:30:00
CHA,NYK,0021600228,25,11,2016,19:30:00
CHI,PHI,0021600229,25,11,2016,19:30:00
LAC,DET,0021600230,25,11,2016,19:30:00
ATL,UTA,0021600231,25,11,2016,20:00:00
TOR,MIL,0021600232,25,11,2016,20:00:00
MIA,MEM,0021600233,25,11,2016,20:00:00
BKN,IND,0021600234,25,11,2016,20:00:00
OKC,DEN,0021600235,25,11,2016,21:00:00
MIN,PHX,0021600236,25,11,2016,21:00:00
NOP,POR,0021600237,25,11,2016,22:00:00
GSW,LAL,0021600238,25,11,2016,22:30:00
HOU,SAC,0021600239,25,11,2016,22:30:00
SAS,WAS,0021600240,26,11,2016,19:00:00
NYK,CHA,0021600241,26,11,2016,19:00:00
DET,OKC,0021600242,26,11,2016,20:00:00
MEM,MIA,0021600243,26,11,2016,20:00:00
MIN,GSW,0021600244,26,11,2016,22:30:00
CLE,PHI,0021600245,27,11,2016,13:00:00
DEN,PHX,0021600246,27,11,2016,15:30:00
SAC,BKN,0021600247,27,11,2016,18:00:00
MIL,ORL,0021600248,27,11,2016,18:00:00
LAC,IND,0021600249,27,11,2016,18:00:00
NOP,DAL,0021600250,27,11,2016,19:00:00
HOU,POR,0021600251,27,11,2016,21:00:00
ATL,LAL,0021600252,27,11,2016,21:30:00
SAC,WAS,0021600253,28,11,2016,19:00:00
PHI,TOR,0021600254,28,11,2016,19:30:00
OKC,NYK,0021600255,28,11,2016,19:30:00
BOS,MIA,0021600256,28,11,2016,19:30:00
CHA,MEM,0021600257,28,11,2016,20:00:00
UTA,MIN,0021600258,28,11,2016,20:00:00
ATL,GSW,0021600259,28,11,2016,22:30:00
DET,CHA,0021600260,29,11,2016,19:00:00
LAC,BKN,0021600261,29,11,2016,19:30:00
CLE,MIL,0021600262,29,11,2016,20:00:00
LAL,NOP,0021600263,29,11,2016,20:00:00
ORL,SAS,0021600264,29,11,2016,20:30:00
HOU,UTA,0021600265,29,11,2016,21:00:00
SAC,PHI,0021600266,30,11,2016,19:00:00
DET,BOS,0021600267,30,11,2016,19:30:00
MEM,TOR,0021600268,30,11,2016,19:30:00
LAL,CHI,0021600269,30,11,2016,20:00:00
WAS,OKC,0021600270,30,11,2016,20:00:00
NYK,MIN,0021600271,30,11,2016,20:00:00
SAS,DAL,0021600272,30,11,2016,20:30:00
MIA,DEN,0021600273,30,11,2016,21:00:00
ATL,PHX,0021600274,30,11,2016,21:00:00
IND,POR,0021600275,30,11,2016,22:00:00
DAL,CHA,0021600276,01,12,2016,19:00:00
MIL,BKN,0021600277,01,12,2016,19:30:00
ORL,MEM,0021600278,01,12,2016,20:00:00
LAC,CLE,0021600279,01,12,2016,20:00:00
MIA,UTA,0021600280,01,12,2016,21:00:00
HOU,GSW,0021600281,01,12,2016,22:30:00
ORL,PHI,0021600282,02,12,2016,19:00:00
SAC,BOS,0021600283,02,12,2016,19:30:00
LAL,TOR,0021600284,02,12,2016,19:30:00
MIN,NYK,0021600285,02,12,2016,19:30:00
CLE,CHI,0021600286,02,12,2016,20:00:00
LAC,NOP,0021600287,02,12,2016,20:00:00
DET,ATL,0021600288,02,12,2016,20:00:00
WAS,SAS,0021600289,02,12,2016,20:30:00
HOU,DEN,0021600290,02,12,2016,22:30:00
BKN,MIL,0021600291,03,12,2016,17:00:00
MIN,CHA,0021600292,03,12,2016,19:00:00
ATL,TOR,0021600293,03,12,2016,19:30:00
BOS,PHI,0021600294,03,12,2016,19:30:00
LAL,MEM,0021600295,03,12,2016,20:00:00
CHI,DAL,0021600296,03,12,2016,20:30:00
DEN,UTA,0021600297,03,12,2016,21:00:00
MIA,POR,0021600298,03,12,2016,22:00:00
PHX,GSW,0021600299,03,12,2016,22:30:00
ORL,DET,0021600300,04,12,2016,18:00:00
NOP,OKC,0021600301,04,12,2016,19:00:00
SAC,NYK,0021600302,04,12,2016,19:30:00
IND,LAC,0021600303,04,12,2016,21:30:00
DEN,PHI,0021600304,05,12,2016,19:00:00
CLE,TOR,0021600305,05,12,2016,19:30:00
WAS,BKN,0021600306,05,12,2016,19:30:00
OKC,ATL,0021600307,05,12,2016,19:30:00
POR,CHI,0021600308,05,12,2016,20:00:00
SAS,MIL,0021600309,05,12,2016,20:00:00
MEM,NOP,0021600310,05,12,2016,20:00:00
BOS,HOU,0021600311,05,12,2016,20:00:00
CHA,DAL,0021600312,05,12,2016,20:30:00
UTA,LAL,0021600313,05,12,2016,22:30:00
IND,GSW,0021600314,05,12,2016,22:30:00
ORL,WAS,0021600315,06,12,2016,19:00:00
NYK,MIA,0021600316,06,12,2016,19:30:00
CHI,DET,0021600317,06,12,2016,19:30:00
PHI,MEM,0021600318,06,12,2016,20:00:00
SAS,MIN,0021600319,06,12,2016,20:00:00
PHX,UTA,0021600320,06,12,2016,21:00:00
DET,CHA,0021600321,07,12,2016,19:00:00
BOS,ORL,0021600322,07,12,2016,19:00:00
DEN,BKN,0021600323,07,12,2016,19:30:00
MIA,ATL,0021600324,07,12,2016,19:30:00
POR,MIL,0021600325,07,12,2016,20:00:00
LAL,HOU,0021600326,07,12,2016,20:00:00
CLE,NYK,0021600327,07,12,2016,20:00:00
SAC,DAL,0021600328,07,12,2016,20:30:00
IND,PHX,0021600329,07,12,2016,21:00:00
GSW,LAC,0021600330,07,12,2016,22:30:00
MIN,TOR,0021600331,08,12,2016,19:00:00
DEN,WAS,0021600332,08,12,2016,19:00:00
POR,MEM,0021600333,08,12,2016,20:00:00
PHI,NOP,0021600334,08,12,2016,20:00:00
GSW,UTA,0021600335,08,12,2016,21:00:00
SAS,CHI,0021600336,08,12,2016,21:30:00
ORL,CHA,0021600337,09,12,2016,19:00:00
MIA,CLE,0021600338,09,12,2016,19:30:00
TOR,BOS,0021600339,09,12,2016,19:30:00
ATL,MIL,0021600340,09,12,2016,20:00:00
HOU,OKC,0021600341,09,12,2016,20:00:00
DET,MIN,0021600342,09,12,2016,20:00:00
IND,DAL,0021600343,09,12,2016,20:30:00
PHX,LAL,0021600344,09,12,2016,22:30:00
NYK,SAC,0021600345,09,12,2016,22:30:00
MIL,WAS,0021600346,10,12,2016,19:00:00
DEN,ORL,0021600347,10,12,2016,19:00:00
POR,IND,0021600348,10,12,2016,19:00:00
CHA,CLE,0021600349,10,12,2016,19:30:00
MIA,CHI,0021600350,10,12,2016,20:00:00
GSW,MEM,0021600351,10,12,2016,20:00:00
DAL,HOU,0021600352,10,12,2016,20:00:00
BKN,SAS,0021600353,10,12,2016,20:30:00
SAC,UTA,0021600354,10,12,2016,21:00:00
NOP,LAC,0021600355,10,12,2016,22:30:00
PHI,DET,0021600356,11,12,2016,18:00:00
BOS,OKC,0021600357,11,12,2016,19:00:00
GSW,MIN,0021600358,11,12,2016,19:00:00
NOP,PHX,0021600359,11,12,2016,20:30:00
NYK,LAL,0021600360,11,12,2016,21:30:00
CHA,IND,0021600361,12,12,2016,19:00:00
MIL,TOR,0021600362,12,12,2016,19:30:00
WAS,MIA,0021600363,12,12,2016,19:30:00
BKN,HOU,0021600364,12,12,2016,20:00:00
DEN,DAL,0021600365,12,12,2016,20:30:00
POR,LAC,0021600366,12,12,2016,22:30:00
LAL,SAC,0021600367,12,12,2016,22:30:00
MEM,CLE,0021600368,13,12,2016,19:00:00
ORL,ATL,0021600369,13,12,2016,19:30:00
MIN,CHI,0021600370,13,12,2016,20:00:00
GSW,NOP,0021600371,13,12,2016,20:00:00
NYK,PHX,0021600372,13,12,2016,21:00:00
OKC,POR,0021600373,13,12,2016,22:30:00
TOR,PHI,0021600374,14,12,2016,19:00:00
CHA,WAS,0021600375,14,12,2016,19:00:00
LAC,ORL,0021600376,14,12,2016,19:00:00
IND,MIA,0021600377,14,12,2016,19:00:00
LAL,BKN,0021600378,14,12,2016,19:30:00
CLE,MEM,0021600379,14,12,2016,20:00:00
SAC,HOU,0021600380,14,12,2016,20:00:00
DET,DAL,0021600381,14,12,2016,20:30:00
OKC,UTA,0021600382,14,12,2016,21:00:00
BOS,SAS,0021600383,14,12,2016,21:30:00
CHI,MIL,0021600384,15,12,2016,20:00:00
IND,NOP,0021600385,15,12,2016,20:00:00
POR,DEN,0021600386,15,12,2016,21:00:00
SAS,PHX,0021600387,15,12,2016,21:00:00
NYK,GSW,0021600388,15,12,2016,22:30:00
DET,WAS,0021600389,16,12,2016,19:00:00
BKN,ORL,0021600390,16,12,2016,19:00:00
CHA,BOS,0021600391,16,12,2016,19:30:00
ATL,TOR,0021600392,16,12,2016,19:30:00
MIL,CHI,0021600393,16,12,2016,20:00:00
SAC,MEM,0021600394,16,12,2016,20:00:00
NOP,HOU,0021600395,16,12,2016,20:00:00
LAL,PHI,0021600396,16,12,2016,20:00:00
LAC,MIA,0021600397,16,12,2016,20:00:00
DAL,UTA,0021600398,16,12,2016,22:30:00
PHX,OKC,0021600399,17,12,2016,17:00:00
IND,DET,0021600400,17,12,2016,19:00:00
CHA,ATL,0021600401,17,12,2016,19:30:00
LAL,CLE,0021600402,17,12,2016,19:30:00
HOU,MIN,0021600403,17,12,2016,20:00:00
NYK,DEN,0021600404,17,12,2016,21:00:00
POR,GSW,0021600405,17,12,2016,22:30:00
LAC,WAS,0021600406,18,12,2016,15:30:00
UTA,MEM,0021600407,18,12,2016,18:00:00
BKN,PHI,0021600408,18,12,2016,18:00:00
TOR,ORL,0021600409,18,12,2016,18:00:00
BOS,MIA,0021600410,18,12,2016,18:00:00
SAC,DAL,0021600411,18,12,2016,19:00:00
NOP,SAS,0021600412,18,12,2016,19:00:00
WAS,IND,0021600413,19,12,2016,19:00:00
DET,CHI,0021600414,19,12,2016,20:00:00
ATL,OKC,0021600415,19,12,2016,20:00:00
PHX,MIN,0021600416,19,12,2016,20:00:00
DAL,DEN,0021600417,19,12,2016,21:00:00
NOP,PHI,0021600418,20,12,2016,19:00:00
LAL,CHA,0021600419,20,12,2016,19:00:00
BKN,TOR,0021600420,20,12,2016,19:30:00
IND,NYK,0021600421,20,12,2016,19:30:00
ORL,MIA,0021600422,20,12,2016,19:30:00
CLE,MIL,0021600423,20,12,2016,20:00:00
BOS,MEM,0021600424,20,12,2016,20:00:00
SAS,HOU,0021600425,20,12,2016,20:00:00
DEN,LAC,0021600426,20,12,2016,22:30:00
UTA,GSW,0021600427,20,12,2016,22:30:00
POR,SAC,0021600428,20,12,2016,22:30:00
MIL,CLE,0021600429,21,12,2016,19:00:00
MIN,ATL,0021600430,21,12,2016,19:30:00
MEM,DET,0021600431,21,12,2016,19:30:00
WAS,CHI,0021600432,21,12,2016,20:00:00
OKC,NOP,0021600433,21,12,2016,20:00:00
SAC,UTA,0021600434,21,12,2016,21:00:00
HOU,PHX,0021600435,21,12,2016,21:00:00
DAL,POR,0021600436,21,12,2016,22:00:00
GSW,BKN,0021600437,22,12,2016,19:30:00
ORL,NYK,0021600438,22,12,2016,19:30:00
LAL,MIA,0021600439,22,12,2016,19:30:00
BOS,IND,0021600440,22,12,2016,20:00:00
SAS,LAC,0021600441,22,12,2016,22:30:00
CHI,CHA,0021600442,23,12,2016,19:00:00
LAL,ORL,0021600443,23,12,2016,19:00:00
BKN,CLE,0021600444,23,12,2016,19:30:00
OKC,BOS,0021600445,23,12,2016,19:30:00
GSW,DET,0021600446,23,12,2016,19:30:00
WAS,MIL,0021600447,23,12,2016,20:00:00
HOU,MEM,0021600448,23,12,2016,20:00:00
MIA,NOP,0021600449,23,12,2016,20:00:00
SAC,MIN,0021600450,23,12,2016,20:00:00
ATL,DEN,0021600451,23,12,2016,21:00:00
TOR,UTA,0021600452,23,12,2016,21:00:00
PHI,PHX,0021600453,23,12,2016,21:00:00
SAS,POR,0021600454,23,12,2016,22:00:00
DAL,LAC,0021600455,23,12,2016,22:30:00
BOS,NYK,0021600456,25,12,2016,12:00:00
GSW,CLE,0021600457,25,12,2016,14:30:00
CHI,SAS,0021600458,25,12,2016,17:00:00
MIN,OKC,0021600459,25,12,2016,20:00:00
LAC,LAL,0021600460,25,12,2016,22:30:00
MIL,WAS,0021600461,26,12,2016,19:00:00
MEM,ORL,0021600462,26,12,2016,19:00:00
CHA,BKN,0021600463,26,12,2016,19:30:00
CLE,DET,0021600464,26,12,2016,19:30:00
IND,CHI,0021600465,26,12,2016,20:00:00
DAL,NOP,0021600466,26,12,2016,20:00:00
PHX,HOU,0021600467,26,12,2016,20:00:00
ATL,MIN,0021600468,26,12,2016,20:00:00
TOR,POR,0021600469,26,12,2016,22:00:00
DEN,LAC,0021600470,26,12,2016,22:30:00
PHI,SAC,0021600471,26,12,2016,22:30:00
MEM,BOS,0021600472,27,12,2016,19:30:00
OKC,MIA,0021600473,27,12,2016,19:30:00
HOU,DAL,0021600474,27,12,2016,20:30:00
UTA,LAL,0021600475,27,12,2016,22:30:00
IND,WAS,0021600476,28,12,2016,19:00:00
CHA,ORL,0021600477,28,12,2016,19:00:00
NYK,ATL,0021600478,28,12,2016,19:30:00
MIL,DET,0021600479,28,12,2016,19:30:00
BKN,CHI,0021600480,28,12,2016,20:00:00
LAC,NOP,0021600481,28,12,2016,20:00:00
PHX,SAS,0021600482,28,12,2016,20:30:00
MIN,DEN,0021600483,28,12,2016,21:00:00
SAC,POR,0021600484,28,12,2016,22:00:00
TOR,GSW,0021600485,28,12,2016,22:30:00
MIA,CHA,0021600486,29,12,2016,19:00:00
OKC,MEM,0021600487,29,12,2016,20:00:00
BOS,CLE,0021600488,29,12,2016,20:00:00
PHI,UTA,0021600489,29,12,2016,21:00:00
TOR,PHX,0021600490,29,12,2016,21:00:00
DAL,LAL,0021600491,29,12,2016,22:30:00
CHI,IND,0021600492,30,12,2016,16:00:00
BKN,WAS,0021600493,30,12,2016,19:00:00
MIA,BOS,0021600494,30,12,2016,19:30:00
NYK,NOP,0021600495,30,12,2016,20:00:00
LAC,HOU,0021600496,30,12,2016,20:00:00
MIL,MIN,0021600497,30,12,2016,20:00:00
DET,ATL,0021600498,30,12,2016,20:00:00
POR,SAS,0021600499,30,12,2016,20:30:00
PHI,DEN,0021600500,30,12,2016,21:00:00
DAL,GSW,0021600501,30,12,2016,22:30:00
MEM,SAC,0021600502,31,12,2016,17:00:00
MIL,CHI,0021600503,31,12,2016,19:00:00
CLE,CHA,0021600505,31,12,2016,19:00:00
NYK,HOU,0021600504,31,12,2016,20:00:00
PHX,UTA,0021600506,31,12,2016,20:00:00
LAC,OKC,0021600507,31,12,2016,20:00:00
SAS,ATL,0021600508,01,01,2017,18:00:00
DET,MIA,0021600509,01,01,2017,18:00:00
ORL,IND,0021600510,01,01,2017,18:00:00
POR,MIN,0021600511,01,01,2017,19:00:00
TOR,LAL,0021600512,01,01,2017,21:30:00
OKC,MIL,0021600513,02,01,2017,19:00:00
NOP,CLE,0021600514,02,01,2017,19:00:00
UTA,BKN,0021600515,02,01,2017,19:30:00
ORL,NYK,0021600516,02,01,2017,19:30:00
CHA,CHI,0021600517,02,01,2017,20:00:00
WAS,HOU,0021600518,02,01,2017,20:00:00
PHX,LAC,0021600519,02,01,2017,22:30:00
DEN,GSW,0021600520,02,01,2017,22:30:00
MIN,PHI,0021600521,03,01,2017,19:00:00
UTA,BOS,0021600522,03,01,2017,19:30:00
IND,DET,0021600523,03,01,2017,19:30:00
WAS,DAL,0021600524,03,01,2017,20:30:00
TOR,SAS,0021600525,03,01,2017,20:30:00
SAC,DEN,0021600526,03,01,2017,21:00:00
MIA,PHX,0021600527,03,01,2017,21:00:00
MEM,LAL,0021600528,03,01,2017,22:30:00
OKC,CHA,0021600529,04,01,2017,19:00:00
ATL,ORL,0021600530,04,01,2017,19:00:00
MIL,NYK,0021600531,04,01,2017,19:30:00
CHI,CLE,0021600532,04,01,2017,20:00:00
MEM,LAC,0021600533,04,01,2017,22:30:00
POR,GSW,0021600534,04,01,2017,22:30:00
MIA,SAC,0021600535,04,01,2017,22:30:00
BKN,IND,0021600536,05,01,2017,19:00:00
UTA,TOR,0021600537,05,01,2017,19:30:00
CHA,DET,0021600538,05,01,2017,19:30:00
ATL,NOP,0021600539,05,01,2017,20:00:00
OKC,HOU,0021600540,05,01,2017,20:00:00
PHX,DAL,0021600541,05,01,2017,20:30:00
LAL,POR,0021600542,05,01,2017,22:00:00
SAS,DEN,0021600543,05,01,2017,22:30:00
MIN,WAS,0021600544,06,01,2017,19:00:00
HOU,ORL,0021600545,06,01,2017,19:00:00
PHI,BOS,0021600546,06,01,2017,19:30:00
CLE,BKN,0021600547,06,01,2017,19:30:00
NYK,MIL,0021600548,06,01,2017,20:00:00
MIA,LAL,0021600549,06,01,2017,22:30:00
MEM,GSW,0021600550,06,01,2017,22:30:00
LAC,SAC,0021600551,06,01,2017,22:30:00
NYK,IND,0021600552,07,01,2017,19:00:00
NOP,BOS,0021600553,07,01,2017,19:30:00
TOR,CHI,0021600554,07,01,2017,20:00:00
DEN,OKC,0021600555,07,01,2017,20:00:00
UTA,MIN,0021600556,07,01,2017,20:00:00
ATL,DAL,0021600557,07,01,2017,20:30:00
CHA,SAS,0021600558,07,01,2017,20:30:00
DET,POR,0021600559,07,01,2017,22:00:00
PHI,BKN,0021600560,08,01,2017,12:00:00
MIA,LAC,0021600561,08,01,2017,15:30:00
WAS,MIL,0021600562,08,01,2017,15:30:00
HOU,TOR,0021600563,08,01,2017,18:00:00
UTA,MEM,0021600564,08,01,2017,20:00:00
CLE,PHX,0021600565,08,01,2017,20:30:00
GSW,SAC,0021600566,08,01,2017,21:00:00
ORL,LAL,0021600567,08,01,2017,21:30:00
NOP,NYK,0021600568,09,01,2017,19:30:00
OKC,CHI,0021600569,09,01,2017,20:00:00
DAL,MIN,0021600570,09,01,2017,20:00:00
CHI,WAS,0021600571,10,01,2017,19:00:00
BOS,TOR,0021600572,10,01,2017,19:30:00
ATL,BKN,0021600573,10,01,2017,19:30:00
CHA,HOU,0021600574,10,01,2017,20:00:00
MIL,SAS,0021600575,10,01,2017,20:30:00
CLE,UTA,0021600576,10,01,2017,21:00:00
POR,LAL,0021600577,10,01,2017,22:30:00
MIA,GSW,0021600578,10,01,2017,22:30:00
DET,SAC,0021600579,10,01,2017,22:30:00
NYK,PHI,0021600580,11,01,2017,19:00:00
MEM,OKC,0021600581,11,01,2017,20:00:00
HOU,MIN,0021600582,11,01,2017,20:00:00
WAS,BOS,0021600583,11,01,2017,20:00:00
ORL,LAC,0021600584,11,01,2017,22:30:00
CLE,POR,0021600585,11,01,2017,22:30:00
IND,DEN,0021600589,12,01,2017,15:00:00
NOP,BKN,0021600586,12,01,2017,19:30:00
CHI,NYK,0021600587,12,01,2017,20:00:00
LAL,SAS,0021600588,12,01,2017,20:30:00
DAL,PHX,0021600591,12,01,2017,22:00:00
DET,GSW,0021600590,12,01,2017,22:30:00
CHA,PHI,0021600593,13,01,2017,19:00:00
BKN,TOR,0021600592,13,01,2017,19:30:00
MIA,MIL,0021600594,13,01,2017,20:00:00
MEM,HOU,0021600595,13,01,2017,20:00:00
OKC,MIN,0021600596,13,01,2017,20:00:00
BOS,ATL,0021600597,13,01,2017,20:00:00
ORL,POR,0021600598,13,01,2017,22:00:00
CLE,SAC,0021600599,13,01,2017,22:30:00
DET,UTA,0021600600,13,01,2017,22:30:00
LAL,LAC,0021600601,14,01,2017,15:30:00
NOP,CHI,0021600602,14,01,2017,17:00:00
SAS,PHX,0021600605,14,01,2017,18:00:00
PHI,WAS,0021600603,14,01,2017,20:00:00
ORL,UTA,0021600604,14,01,2017,21:00:00
NYK,TOR,0021600606,15,01,2017,15:00:00
MIL,ATL,0021600607,15,01,2017,15:00:00
MIN,DAL,0021600608,15,01,2017,16:00:00
HOU,BKN,0021600609,15,01,2017,18:00:00
OKC,SAC,0021600610,15,01,2017,21:00:00
CHI,MEM,0021600611,15,01,2017,21:00:00
DET,LAL,0021600612,15,01,2017,21:30:00
ATL,NYK,0021600613,16,01,2017,13:00:00
POR,WAS,0021600614,16,01,2017,14:00:00
PHI,MIL,0021600615,16,01,2017,15:30:00
NOP,IND,0021600616,16,01,2017,16:00:00
ORL,DEN,0021600617,16,01,2017,17:00:00
CHA,BOS,0021600618,16,01,2017,19:30:00
CLE,GSW,0021600619,16,01,2017,20:00:00
UTA,PHX,0021600620,16,01,2017,21:00:00
OKC,LAC,0021600621,16,01,2017,22:30:00
TOR,BKN,0021600622,17,01,2017,19:30:00
HOU,MIA,0021600623,17,01,2017,19:30:00
DAL,CHI,0021600624,17,01,2017,20:00:00
MIN,SAS,0021600625,17,01,2017,20:30:00
DEN,LAL,0021600626,17,01,2017,22:30:00
TOR,PHI,0021600627,18,01,2017,19:00:00
MEM,WAS,0021600628,18,01,2017,19:00:00
POR,CHA,0021600629,18,01,2017,19:00:00
NYK,BOS,0021600630,18,01,2017,19:30:00
ORL,NOP,0021600631,18,01,2017,20:00:00
MIL,HOU,0021600632,18,01,2017,20:00:00
ATL,DET,0021600633,18,01,2017,20:00:00
OKC,GSW,0021600634,18,01,2017,22:30:00
IND,SAC,0021600635,18,01,2017,22:30:00
PHX,CLE,0021600636,19,01,2017,19:00:00
DAL,MIA,0021600637,19,01,2017,19:30:00
WAS,NYK,0021600638,19,01,2017,20:00:00
DEN,SAS,0021600639,19,01,2017,20:30:00
MIN,LAC,0021600640,19,01,2017,22:30:00
POR,PHI,0021600641,20,01,2017,19:00:00
TOR,CHA,0021600642,20,01,2017,19:00:00
MIL,ORL,0021600643,20,01,2017,19:00:00
SAC,MEM,0021600644,20,01,2017,20:00:00
BKN,NOP,0021600645,20,01,2017,20:00:00
GSW,HOU,0021600646,20,01,2017,20:00:00
CHI,ATL,0021600647,20,01,2017,20:00:00
UTA,DAL,0021600648,20,01,2017,20:30:00
IND,LAL,0021600649,20,01,2017,22:30:00
POR,BOS,0021600650,21,01,2017,17:00:00
WAS,DET,0021600651,21,01,2017,18:00:00
BKN,CHA,0021600652,21,01,2017,19:00:00
PHI,ATL,0021600653,21,01,2017,19:00:00
PHX,NYK,0021600654,21,01,2017,19:30:00
MIL,MIA,0021600655,21,01,2017,19:30:00
HOU,MEM,0021600656,21,01,2017,20:00:00
SAS,CLE,0021600657,21,01,2017,20:30:00
LAC,DEN,0021600658,21,01,2017,21:00:00
IND,UTA,0021600659,21,01,2017,21:00:00
SAC,CHI,0021600660,21,01,2017,21:00:00
GSW,ORL,0021600661,22,01,2017,12:00:00
LAL,DAL,0021600662,22,01,2017,15:30:00
PHX,TOR,0021600663,22,01,2017,18:00:00
DEN,MIN,0021600664,22,01,2017,19:00:00
WAS,CHA,0021600665,23,01,2017,19:00:00
SAS,BKN,0021600666,23,01,2017,19:30:00
LAC,ATL,0021600667,23,01,2017,19:30:00
GSW,MIA,0021600668,23,01,2017,19:30:00
SAC,DET,0021600669,23,01,2017,19:30:00
HOU,MIL,0021600670,23,01,2017,20:00:00
CLE,NOP,0021600671,23,01,2017,20:00:00
NYK,IND,0021600672,23,01,2017,20:00:00
OKC,UTA,0021600673,23,01,2017,21:00:00
SAS,TOR,0021600674,24,01,2017,19:00:00
LAC,PHI,0021600675,24,01,2017,19:00:00
BOS,WAS,0021600676,24,01,2017,19:00:00
CHI,ORL,0021600677,24,01,2017,19:00:00
UTA,DEN,0021600678,24,01,2017,21:00:00
MIN,PHX,0021600679,24,01,2017,21:00:00
SAC,CLE,0021600680,25,01,2017,19:00:00
HOU,BOS,0021600681,25,01,2017,19:30:00
MIA,BKN,0021600682,25,01,2017,19:30:00
ATL,CHI,0021600683,25,01,2017,20:00:00
PHI,MIL,0021600684,25,01,2017,20:00:00
TOR,MEM,0021600685,25,01,2017,20:00:00
OKC,NOP,0021600686,25,01,2017,20:00:00
GSW,CHA,0021600687,25,01,2017,20:00:00
NYK,DAL,0021600688,25,01,2017,20:30:00
LAL,POR,0021600689,25,01,2017,22:30:00
DAL,OKC,0021600690,26,01,2017,20:00:00
IND,MIN,0021600691,26,01,2017,20:00:00
PHX,DEN,0021600692,26,01,2017,21:00:00
LAL,UTA,0021600693,26,01,2017,22:30:00
HOU,PHI,0021600694,27,01,2017,19:00:00
SAC,IND,0021600696,27,01,2017,19:00:00
BKN,CLE,0021600695,27,01,2017,19:30:00
ORL,BOS,0021600697,27,01,2017,19:30:00
MIL,TOR,0021600698,27,01,2017,19:30:00
CHA,NYK,0021600699,27,01,2017,19:30:00
MIA,CHI,0021600700,27,01,2017,20:00:00
SAS,NOP,0021600701,27,01,2017,20:00:00
WAS,ATL,0021600702,27,01,2017,20:00:00
MEM,POR,0021600703,27,01,2017,22:00:00
SAC,CHA,0021600704,28,01,2017,19:00:00
DET,MIA,0021600705,28,01,2017,19:30:00
BOS,MIL,0021600706,28,01,2017,20:00:00
LAC,GSW,0021600707,28,01,2017,20:30:00
MEM,UTA,0021600708,28,01,2017,21:00:00
DEN,PHX,0021600709,28,01,2017,21:00:00
BKN,MIN,0021600710,28,01,2017,21:00:00
NYK,ATL,0021600711,29,01,2017,15:00:00
OKC,CLE,0021600712,29,01,2017,15:30:00
HOU,IND,0021600713,29,01,2017,18:00:00
WAS,NOP,0021600714,29,01,2017,18:00:00
ORL,TOR,0021600715,29,01,2017,18:00:00
PHI,CHI,0021600716,29,01,2017,19:00:00
DAL,SAS,0021600717,29,01,2017,19:00:00
GSW,POR,0021600718,29,01,2017,21:00:00
BKN,MIA,0021600719,30,01,2017,19:30:00
ORL,MIN,0021600720,30,01,2017,20:00:00
DET,BOS,0021600721,30,01,2017,20:00:00
CLE,DAL,0021600722,30,01,2017,20:30:00
MEM,PHX,0021600723,30,01,2017,22:30:00
NYK,WAS,0021600724,31,01,2017,19:00:00
NOP,TOR,0021600725,31,01,2017,19:30:00
SAC,HOU,0021600726,31,01,2017,20:00:00
OKC,SAS,0021600727,31,01,2017,20:30:00
CHA,POR,0021600728,31,01,2017,22:00:00
DEN,LAL,0021600729,31,01,2017,22:30:00
IND,ORL,0021600730,01,02,2017,19:00:00
MIN,CLE,0021600731,01,02,2017,19:00:00
TOR,BOS,0021600732,01,02,2017,19:30:00
NYK,BKN,0021600733,01,02,2017,19:30:00
ATL,MIA,0021600734,01,02,2017,19:30:00
NOP,DET,0021600735,01,02,2017,19:30:00
PHI,DAL,0021600736,01,02,2017,20:30:00
MEM,DEN,0021600737,01,02,2017,21:00:00
MIL,UTA,0021600738,01,02,2017,21:00:00
LAC,PHX,0021600739,01,02,2017,21:00:00
CHI,OKC,0021600740,01,02,2017,21:30:00
CHA,GSW,0021600741,01,02,2017,22:30:00
LAL,WAS,0021600742,02,02,2017,19:00:00
ATL,HOU,0021600743,02,02,2017,20:00:00
PHI,SAS,0021600744,02,02,2017,20:30:00
GSW,LAC,0021600745,02,02,2017,22:30:00
TOR,ORL,0021600746,03,02,2017,19:00:00
IND,BKN,0021600747,03,02,2017,19:30:00
MIN,DET,0021600748,03,02,2017,19:30:00
CHI,HOU,0021600749,03,02,2017,20:00:00
MEM,OKC,0021600750,03,02,2017,20:00:00
LAL,BOS,0021600751,03,02,2017,20:00:00
MIL,DEN,0021600752,03,02,2017,21:00:00
PHX,SAC,0021600753,03,02,2017,22:30:00
DAL,POR,0021600754,03,02,2017,22:30:00
NOP,WAS,0021600755,04,02,2017,19:00:00
ORL,ATL,0021600756,04,02,2017,19:00:00
DET,IND,0021600757,04,02,2017,19:00:00
PHI,MIA,0021600758,04,02,2017,19:30:00
CLE,NYK,0021600759,04,02,2017,20:30:00
CHA,UTA,0021600760,04,02,2017,21:00:00
MIL,PHX,0021600761,04,02,2017,21:00:00
DEN,SAS,0021600762,04,02,2017,21:00:00
MEM,MIN,0021600763,04,02,2017,21:00:00
GSW,SAC,0021600764,04,02,2017,22:30:00
TOR,BKN,0021600765,05,02,2017,12:00:00
LAC,BOS,0021600766,05,02,2017,14:00:00
POR,OKC,0021600767,05,02,2017,15:00:00
LAL,NYK,0021600768,06,02,2017,19:00:00
CLE,WAS,0021600769,06,02,2017,19:00:00
OKC,IND,0021600770,06,02,2017,19:00:00
LAC,TOR,0021600771,06,02,2017,19:30:00
UTA,ATL,0021600772,06,02,2017,19:30:00
PHI,DET,0021600773,06,02,2017,19:30:00
PHX,NOP,0021600774,06,02,2017,20:00:00
MIA,MIN,0021600775,06,02,2017,20:00:00
DAL,DEN,0021600776,06,02,2017,21:00:00
SAS,MEM,0021600777,06,02,2017,21:30:00
CHI,SAC,0021600778,06,02,2017,22:30:00
BKN,CHA,0021600779,07,02,2017,19:00:00
ORL,HOU,0021600780,07,02,2017,20:00:00
POR,DAL,0021600781,07,02,2017,20:30:00
SAS,PHI,0021600782,08,02,2017,19:00:00
CLE,IND,0021600783,08,02,2017,19:00:00
WAS,BKN,0021600784,08,02,2017,19:30:00
DEN,ATL,0021600785,08,02,2017,19:30:00
LAL,DET,0021600786,08,02,2017,19:30:00
MIA,MIL,0021600787,08,02,2017,20:00:00
PHX,MEM,0021600788,08,02,2017,20:00:00
UTA,NOP,0021600789,08,02,2017,20:00:00
TOR,MIN,0021600790,08,02,2017,20:00:00
LAC,NYK,0021600791,08,02,2017,20:00:00
CHI,GSW,0021600792,08,02,2017,22:30:00
BOS,SAC,0021600793,08,02,2017,22:30:00
HOU,CHA,0021600794,09,02,2017,19:00:00
PHI,ORL,0021600795,09,02,2017,19:00:00
CLE,OKC,0021600796,09,02,2017,20:00:00
UTA,DAL,0021600797,09,02,2017,20:30:00
BOS,POR,0021600798,09,02,2017,22:30:00
MIA,BKN,0021600799,10,02,2017,19:30:00
DEN,NYK,0021600800,10,02,2017,19:30:00
SAS,DET,0021600801,10,02,2017,19:30:00
LAL,MIL,0021600802,10,02,2017,20:00:00
GSW,MEM,0021600803,10,02,2017,20:00:00
NOP,MIN,0021600804,10,02,2017,20:00:00
IND,WAS,0021600805,10,02,2017,20:00:00
ATL,SAC,0021600806,10,02,2017,22:30:00
CHI,PHX,0021600807,10,02,2017,22:30:00
LAC,CHA,0021600808,11,02,2017,17:00:00
MIL,IND,0021600809,11,02,2017,19:00:00
MIA,PHI,0021600810,11,02,2017,19:30:00
DEN,CLE,0021600811,11,02,2017,19:30:00
GSW,OKC,0021600813,11,02,2017,20:30:00
PHX,HOU,0021600812,11,02,2017,21:00:00
ORL,DAL,0021600814,11,02,2017,21:00:00
BOS,UTA,0021600815,11,02,2017,22:00:00
CHI,MIN,0021600816,12,02,2017,15:30:00
SAS,NYK,0021600817,12,02,2017,15:30:00
DET,TOR,0021600818,12,02,2017,18:00:00
NOP,SAC,0021600819,12,02,2017,21:00:00
OKC,WAS,0021600820,13,02,2017,19:00:00
PHI,CHA,0021600821,13,02,2017,19:00:00
MEM,BKN,0021600822,13,02,2017,19:30:00
ORL,MIA,0021600823,13,02,2017,19:30:00
DET,MIL,0021600824,13,02,2017,20:00:00
SAS,IND,0021600825,13,02,2017,20:00:00
BOS,DAL,0021600826,13,02,2017,20:30:00
GSW,DEN,0021600827,13,02,2017,21:00:00
LAC,UTA,0021600828,13,02,2017,21:00:00
NOP,PHX,0021600829,13,02,2017,21:00:00
ATL,POR,0021600830,13,02,2017,22:30:00
TOR,CHI,0021600831,14,02,2017,20:00:00
CLE,MIN,0021600832,14,02,2017,20:00:00
SAC,LAL,0021600833,14,02,2017,22:30:00
SAS,ORL,0021600834,15,02,2017,19:00:00
IND,CLE,0021600835,15,02,2017,19:00:00
PHI,BOS,0021600836,15,02,2017,19:30:00
CHA,TOR,0021600837,15,02,2017,19:30:00
MIL,BKN,0021600838,15,02,2017,19:30:00
DAL,DET,0021600839,15,02,2017,19:30:00
NOP,MEM,0021600840,15,02,2017,20:00:00
MIA,HOU,0021600841,15,02,2017,20:00:00
MIN,DEN,0021600842,15,02,2017,21:00:00
POR,UTA,0021600843,15,02,2017,21:00:00
LAL,PHX,0021600844,15,02,2017,21:00:00
NYK,OKC,0021600845,15,02,2017,21:30:00
ATL,LAC,0021600846,15,02,2017,22:30:00
SAC,GSW,0021600847,15,02,2017,22:30:00
WAS,IND,0021600848,16,02,2017,19:00:00
BOS,CHI,0021600849,16,02,2017,20:00:00
POR,ORL,0021600850,23,02,2017,19:00:00
CHA,DET,0021600851,23,02,2017,19:30:00
HOU,NOP,0021600852,23,02,2017,20:00:00
NYK,CLE,0021600853,23,02,2017,20:00:00
LAC,GSW,0021600854,23,02,2017,22:30:00
DEN,SAC,0021600855,23,02,2017,22:30:00
WAS,PHI,0021600856,24,02,2017,19:00:00
MEM,IND,0021600857,24,02,2017,19:00:00
BOS,TOR,0021600858,24,02,2017,19:30:00
PHX,CHI,0021600859,24,02,2017,20:00:00
UTA,MIL,0021600860,24,02,2017,20:00:00
LAL,OKC,0021600861,24,02,2017,20:00:00
DAL,MIN,0021600862,24,02,2017,20:00:00
MIA,ATL,0021600863,24,02,2017,20:00:00
BKN,DEN,0021600864,24,02,2017,21:00:00
SAS,LAC,0021600865,24,02,2017,22:30:00
CHA,SAC,0021600866,25,02,2017,17:00:00
ATL,ORL,0021600867,25,02,2017,19:00:00
PHI,NYK,0021600868,25,02,2017,19:30:00
IND,MIA,0021600869,25,02,2017,20:00:00
NOP,DAL,0021600870,25,02,2017,20:30:00
CHI,CLE,0021600871,25,02,2017,20:30:00
MIN,HOU,0021600872,25,02,2017,21:00:00
BKN,GSW,0021600873,25,02,2017,22:30:00
SAS,LAL,0021600874,26,02,2017,15:30:00
PHX,MIL,0021600875,26,02,2017,15:30:00
MEM,DEN,0021600876,26,02,2017,17:00:00
UTA,WAS,0021600877,26,02,2017,17:00:00
POR,TOR,0021600878,26,02,2017,18:00:00
BOS,DET,0021600879,26,02,2017,18:00:00
NOP,OKC,0021600880,26,02,2017,19:00:00
CHA,LAC,0021600881,26,02,2017,21:30:00
TOR,NYK,0021600882,27,02,2017,19:00:00
GSW,PHI,0021600883,27,02,2017,19:00:00
MIL,CLE,0021600884,27,02,2017,19:00:00
ATL,BOS,0021600885,27,02,2017,19:30:00
IND,HOU,0021600886,27,02,2017,20:00:00
MIA,DAL,0021600887,27,02,2017,21:30:00
MIN,SAC,0021600888,27,02,2017,22:30:00
GSW,WAS,0021600889,28,02,2017,19:00:00
POR,DET,0021600890,28,02,2017,19:30:00
DEN,CHI,0021600891,28,02,2017,20:00:00
PHX,MEM,0021600892,28,02,2017,20:00:00
UTA,OKC,0021600893,28,02,2017,20:00:00
CHA,LAL,0021600894,28,02,2017,22:30:00
NYK,ORL,0021600895,01,03,2017,19:00:00
WAS,TOR,0021600896,01,03,2017,19:30:00
DAL,ATL,0021600897,01,03,2017,19:30:00
PHI,MIA,0021600898,01,03,2017,19:30:00
DEN,MIL,0021600899,01,03,2017,20:00:00
DET,NOP,0021600900,01,03,2017,20:00:00
CLE,BOS,0021600901,01,03,2017,20:00:00
IND,SAS,0021600902,01,03,2017,20:30:00
MIN,UTA,0021600903,01,03,2017,21:00:00
HOU,LAC,0021600904,01,03,2017,22:30:00
BKN,SAC,0021600905,01,03,2017,22:30:00
GSW,CHI,0021600906,02,03,2017,20:00:00
CHA,PHX,0021600907,02,03,2017,21:00:00
OKC,POR,0021600908,02,03,2017,22:30:00
NYK,PHI,0021600909,03,03,2017,19:00:00
TOR,WAS,0021600910,03,03,2017,19:00:00
MIA,ORL,0021600911,03,03,2017,19:00:00
LAC,MIL,0021600912,03,03,2017,20:00:00
CLE,ATL,0021600913,03,03,2017,20:00:00
MEM,DAL,0021600914,03,03,2017,20:30:00
BKN,UTA,0021600915,03,03,2017,21:00:00
OKC,PHX,0021600916,03,03,2017,21:00:00
SAS,NOP,0021600917,03,03,2017,21:30:00
BOS,LAL,0021600918,03,03,2017,22:30:00
DET,PHI,0021600919,04,03,2017,18:00:00
TOR,MIL,0021600920,04,03,2017,20:00:00
CLE,MIA,0021600921,04,03,2017,20:00:00
LAC,CHI,0021600922,04,03,2017,20:30:00
CHA,DEN,0021600923,04,03,2017,21:00:00
MEM,HOU,0021600924,04,03,2017,21:00:00
MIN,SAS,0021600925,04,03,2017,21:00:00
BKN,POR,0021600926,04,03,2017,22:00:00
IND,ATL,0021600927,05,03,2017,15:00:00
GSW,NYK,0021600928,05,03,2017,15:30:00
BOS,PHX,0021600929,05,03,2017,17:00:00
ORL,WAS,0021600930,05,03,2017,17:00:00
UTA,SAC,0021600931,05,03,2017,18:00:00
OKC,DAL,0021600932,05,03,2017,20:30:00
NOP,LAL,0021600933,05,03,2017,21:30:00
MIL,PHI,0021600934,06,03,2017,19:00:00
NYK,ORL,0021600935,06,03,2017,19:00:00
MIA,CLE,0021600936,06,03,2017,19:00:00
GSW,ATL,0021600937,06,03,2017,19:30:00
CHI,DET,0021600938,06,03,2017,19:30:00
BKN,MEM,0021600939,06,03,2017,20:00:00
POR,MIN,0021600940,06,03,2017,20:00:00
IND,CHA,0021600941,06,03,2017,20:00:00
HOU,SAS,0021600942,06,03,2017,20:30:00
SAC,DEN,0021600943,06,03,2017,21:00:00
NOP,UTA,0021600944,06,03,2017,21:00:00
BOS,LAC,0021600945,06,03,2017,22:30:00
POR,OKC,0021600946,07,03,2017,20:00:00
LAL,DAL,0021600947,07,03,2017,20:30:00
WAS,PHX,0021600948,07,03,2017,21:00:00
CHI,ORL,0021600949,08,03,2017,19:00:00
BKN,ATL,0021600950,08,03,2017,19:30:00
CHA,MIA,0021600951,08,03,2017,19:30:00
NYK,MIL,0021600952,08,03,2017,20:00:00
TOR,NOP,0021600953,08,03,2017,20:00:00
UTA,HOU,0021600954,08,03,2017,20:00:00
LAC,MIN,0021600955,08,03,2017,20:00:00
DET,IND,0021600956,08,03,2017,20:00:00
SAC,SAS,0021600957,08,03,2017,20:30:00
WAS,DEN,0021600958,08,03,2017,21:00:00
BOS,GSW,0021600959,08,03,2017,22:30:00
CLE,DET,0021600960,09,03,2017,19:30:00
LAC,MEM,0021600961,09,03,2017,20:00:00
SAS,OKC,0021600962,09,03,2017,20:00:00
PHI,POR,0021600963,09,03,2017,22:00:00
LAL,PHX,0021600964,09,03,2017,22:30:00
ORL,CHA,0021600965,10,03,2017,19:00:00
HOU,CHI,0021600966,10,03,2017,20:00:00
IND,MIL,0021600967,10,03,2017,20:00:00
GSW,MIN,0021600968,10,03,2017,20:00:00
TOR,ATL,0021600969,10,03,2017,20:00:00
BOS,DEN,0021600970,10,03,2017,21:00:00
BKN,DAL,0021600971,10,03,2017,21:00:00
WAS,SAC,0021600972,10,03,2017,22:30:00
UTA,OKC,0021600973,11,03,2017,15:00:00
PHI,LAC,0021600974,11,03,2017,15:30:00
NYK,DET,0021600975,11,03,2017,17:00:00
NOP,CHA,0021600976,11,03,2017,19:00:00
CLE,ORL,0021600977,11,03,2017,19:00:00
MIN,MIL,0021600978,11,03,2017,20:00:00
TOR,MIA,0021600979,11,03,2017,20:00:00
GSW,SAS,0021600980,11,03,2017,20:30:00
ATL,MEM,0021600981,11,03,2017,21:00:00
PHX,DAL,0021600982,11,03,2017,21:00:00
WAS,POR,0021600983,11,03,2017,22:00:00
DEN,SAC,0021600984,11,03,2017,22:30:00
CHI,BOS,0021600985,12,03,2017,15:30:00
NYK,BKN,0021600986,12,03,2017,18:00:00
MIA,IND,0021600987,12,03,2017,18:00:00
POR,PHX,0021600988,12,03,2017,21:00:00
CLE,HOU,0021600989,12,03,2017,21:00:00
PHI,LAL,0021600990,12,03,2017,21:30:00
CHI,CHA,0021600991,13,03,2017,19:00:00
DAL,TOR,0021600992,13,03,2017,19:30:00
MIL,MEM,0021600993,13,03,2017,20:00:00
ATL,SAS,0021600994,13,03,2017,20:00:00
WAS,MIN,0021600995,13,03,2017,20:00:00
LAC,UTA,0021600996,13,03,2017,21:00:00
ORL,SAC,0021600997,13,03,2017,22:30:00
LAL,DEN,0021600998,13,03,2017,22:30:00
DET,CLE,0021600999,14,03,2017,19:00:00
OKC,BKN,0021601000,14,03,2017,19:30:00
IND,NYK,0021601001,14,03,2017,19:30:00
POR,NOP,0021601002,14,03,2017,20:00:00
PHI,GSW,0021601003,14,03,2017,22:30:00
DAL,WAS,0021601004,15,03,2017,19:00:00
CHA,IND,0021601005,15,03,2017,19:00:00
MIN,BOS,0021601006,15,03,2017,19:30:00
NOP,MIA,0021601007,15,03,2017,19:30:00
UTA,DET,0021601008,15,03,2017,19:30:00
MEM,CHI,0021601009,15,03,2017,20:00:00
LAL,HOU,0021601010,15,03,2017,20:00:00
POR,SAS,0021601011,15,03,2017,20:00:00
SAC,PHX,0021601012,15,03,2017,22:00:00
MIL,LAC,0021601013,15,03,2017,22:30:00
UTA,CLE,0021601014,16,03,2017,19:00:00
OKC,TOR,0021601015,16,03,2017,19:00:00
BKN,NYK,0021601016,16,03,2017,19:30:00
MEM,ATL,0021601017,16,03,2017,19:30:00
LAC,DEN,0021601018,16,03,2017,21:00:00
ORL,GSW,0021601019,16,03,2017,22:30:00
DAL,PHI,0021601020,17,03,2017,19:00:00
CHI,WAS,0021601021,17,03,2017,19:00:00
BOS,BKN,0021601022,17,03,2017,19:30:00
TOR,DET,0021601023,17,03,2017,19:30:00
HOU,NOP,0021601024,17,03,2017,20:00:00
MIN,MIA,0021601025,17,03,2017,20:00:00
ORL,PHX,0021601026,17,03,2017,22:00:00
MIL,LAL,0021601027,17,03,2017,22:30:00
SAC,OKC,0021601028,18,03,2017,15:00:00
POR,ATL,0021601029,18,03,2017,18:00:00
WAS,CHA,0021601030,18,03,2017,19:00:00
CLE,LAC,0021601031,18,03,2017,20:30:00
UTA,CHI,0021601032,18,03,2017,21:00:00
SAS,MEM,0021601033,18,03,2017,21:00:00
HOU,DEN,0021601034,18,03,2017,21:30:00
MIL,GSW,0021601035,18,03,2017,22:30:00
DAL,BKN,0021601036,19,03,2017,12:00:00
BOS,PHI,0021601037,19,03,2017,13:00:00
PHX,DET,0021601038,19,03,2017,16:30:00
MIN,NOP,0021601039,19,03,2017,18:00:00
IND,TOR,0021601040,19,03,2017,18:00:00
POR,MIA,0021601041,19,03,2017,18:00:00
SAC,SAS,0021601042,19,03,2017,19:00:00
CLE,LAL,0021601043,19,03,2017,21:30:00
ATL,CHA,0021601044,20,03,2017,19:00:00
PHI,ORL,0021601045,20,03,2017,19:00:00
UTA,IND,0021601046,20,03,2017,19:00:00
WAS,BOS,0021601047,20,03,2017,19:30:00
DEN,HOU,0021601048,20,03,2017,20:00:00
GSW,OKC,0021601049,20,03,2017,20:00:00
NYK,LAC,0021601050,20,03,2017,22:30:00
CHI,TOR,0021601051,21,03,2017,19:00:00
DET,BKN,0021601052,21,03,2017,19:30:00
PHX,MIA,0021601053,21,03,2017,19:30:00
MEM,NOP,0021601054,21,03,2017,20:00:00
GSW,DAL,0021601055,21,03,2017,20:30:00
SAS,MIN,0021601056,21,03,2017,21:30:00
MIL,POR,0021601057,21,03,2017,22:00:00
LAC,LAL,0021601058,21,03,2017,22:30:00
CHA,ORL,0021601059,22,03,2017,19:00:00
IND,BOS,0021601060,22,03,2017,19:30:00
DET,CHI,0021601061,22,03,2017,20:00:00
PHI,OKC,0021601062,22,03,2017,20:00:00
ATL,WAS,0021601063,22,03,2017,20:00:00
CLE,DEN,0021601064,22,03,2017,21:00:00
MIL,SAC,0021601065,22,03,2017,22:30:00
NYK,UTA,0021601066,22,03,2017,22:30:00
PHX,BKN,0021601067,23,03,2017,19:30:00
TOR,MIA,0021601068,23,03,2017,19:30:00
LAC,DAL,0021601069,23,03,2017,20:30:00
MEM,SAS,0021601070,23,03,2017,20:30:00
NYK,POR,0021601071,23,03,2017,22:00:00
BKN,WAS,0021601072,24,03,2017,19:00:00
CLE,CHA,0021601073,24,03,2017,19:00:00
DET,ORL,0021601074,24,03,2017,19:00:00
DEN,IND,0021601075,24,03,2017,19:00:00
PHX,BOS,0021601076,24,03,2017,19:30:00
PHI,CHI,0021601077,24,03,2017,20:00:00
ATL,MIL,0021601078,24,03,2017,20:00:00
NOP,HOU,0021601079,24,03,2017,20:00:00
MIN,LAL,0021601080,24,03,2017,22:30:00
SAC,GSW,0021601081,24,03,2017,22:30:00
UTA,LAC,0021601082,25,03,2017,15:30:00
WAS,CLE,0021601083,25,03,2017,19:30:00
TOR,DAL,0021601084,25,03,2017,20:30:00
NYK,SAS,0021601085,25,03,2017,20:30:00
MIN,POR,0021601086,25,03,2017,22:00:00
PHX,CHA,0021601087,26,03,2017,13:00:00
BKN,ATL,0021601088,26,03,2017,13:00:00
SAC,LAC,0021601089,26,03,2017,15:30:00
CHI,MIL,0021601090,26,03,2017,15:30:00
OKC,HOU,0021601091,26,03,2017,15:30:00
PHI,IND,0021601092,26,03,2017,18:00:00
MIA,BOS,0021601093,26,03,2017,18:00:00
MEM,GSW,0021601094,26,03,2017,20:00:00
NOP,DEN,0021601095,26,03,2017,20:00:00
POR,LAL,0021601096,26,03,2017,21:30:00
ORL,TOR,0021601097,27,03,2017,19:30:00
DET,NYK,0021601098,27,03,2017,19:30:00
CLE,SAS,0021601099,27,03,2017,20:00:00
OKC,DAL,0021601100,27,03,2017,20:30:00
MEM,SAC,0021601101,27,03,2017,22:30:00
NOP,UTA,0021601102,27,03,2017,22:30:00
MIL,CHA,0021601103,28,03,2017,19:00:00
MIN,IND,0021601104,28,03,2017,19:00:00
PHI,BKN,0021601105,28,03,2017,19:30:00
PHX,ATL,0021601106,28,03,2017,19:30:00
MIA,DET,0021601107,28,03,2017,19:30:00
GSW,HOU,0021601108,28,03,2017,20:00:00
DEN,POR,0021601109,28,03,2017,22:00:00
WAS,LAL,0021601110,28,03,2017,22:30:00
ATL,PHI,0021601111,29,03,2017,19:00:00
OKC,ORL,0021601112,29,03,2017,19:00:00
MIL,BOS,0021601113,29,03,2017,19:30:00
CHA,TOR,0021601114,29,03,2017,19:30:00
MIA,NYK,0021601115,29,03,2017,19:30:00
IND,MEM,0021601116,29,03,2017,20:00:00
DAL,NOP,0021601117,29,03,2017,20:00:00
GSW,SAS,0021601118,29,03,2017,21:30:00
WAS,LAC,0021601119,29,03,2017,22:30:00
UTA,SAC,0021601120,29,03,2017,22:30:00
BKN,DET,0021601121,30,03,2017,19:30:00
CLE,CHI,0021601122,30,03,2017,20:00:00
LAL,MIN,0021601123,30,03,2017,20:00:00
LAC,PHX,0021601124,30,03,2017,22:00:00
HOU,POR,0021601125,30,03,2017,22:30:00
IND,TOR,0021601126,31,03,2017,19:00:00
DEN,CHA,0021601127,31,03,2017,19:00:00
PHI,CLE,0021601128,31,03,2017,19:30:00
ORL,BOS,0021601129,31,03,2017,19:30:00
DET,MIL,0021601130,31,03,2017,20:00:00
DAL,MEM,0021601131,31,03,2017,20:00:00
SAC,NOP,0021601132,31,03,2017,20:00:00
NYK,MIA,0021601133,31,03,2017,20:00:00
WAS,UTA,0021601134,31,03,2017,21:00:00
SAS,OKC,0021601135,31,03,2017,21:30:00
HOU,GSW,0021601136,31,03,2017,22:30:00
LAL,LAC,0021601137,01,04,2017,15:30:00
ATL,CHI,0021601138,01,04,2017,17:00:00
ORL,BKN,0021601139,01,04,2017,18:00:00
SAC,MIN,0021601140,01,04,2017,20:00:00
PHX,POR,0021601141,01,04,2017,22:00:00
BOS,NYK,0021601145,02,04,2017,13:00:00
CHA,OKC,0021601142,02,04,2017,15:00:00
MEM,LAL,0021601143,02,04,2017,15:30:00
DAL,MIL,0021601144,02,04,2017,15:30:00
UTA,SAS,0021601151,02,04,2017,15:30:00
CHI,NOP,0021601146,02,04,2017,18:00:00
PHI,TOR,0021601147,02,04,2017,18:00:00
ATL,BKN,0021601148,02,04,2017,18:00:00
DEN,MIA,0021601149,02,04,2017,18:00:00
IND,CLE,0021601150,02,04,2017,18:00:00
WAS,GSW,0021601152,02,04,2017,20:00:00
HOU,PHX,0021601153,02,04,2017,21:00:00
BKN,PHI,0021601154,04,04,2017,19:00:00
CHA,WAS,0021601155,04,04,2017,19:00:00
ORL,CLE,0021601156,04,04,2017,19:00:00
TOR,IND,0021601157,04,04,2017,19:00:00
DEN,NOP,0021601158,04,04,2017,20:00:00
MIL,OKC,0021601159,04,04,2017,20:00:00
CHI,NYK,0021601160,04,04,2017,20:00:00
MEM,SAS,0021601161,04,04,2017,20:30:00
MIN,GSW,0021601162,04,04,2017,22:30:00
DAL,SAC,0021601163,04,04,2017,22:30:00
POR,UTA,0021601164,04,04,2017,22:30:00
MIA,CHA,0021601165,05,04,2017,19:00:00
TOR,DET,0021601166,05,04,2017,19:30:00
OKC,MEM,0021601167,05,04,2017,20:00:00
DEN,HOU,0021601168,05,04,2017,20:00:00
CLE,BOS,0021601169,05,04,2017,20:00:00
LAL,SAS,0021601170,05,04,2017,20:30:00
GSW,PHX,0021601171,05,04,2017,22:00:00
DAL,LAC,0021601172,05,04,2017,22:30:00
CHI,PHI,0021601173,06,04,2017,19:00:00
BKN,ORL,0021601174,06,04,2017,19:00:00
MIL,IND,0021601175,06,04,2017,19:00:00
WAS,NYK,0021601176,06,04,2017,19:30:00
BOS,ATL,0021601177,06,04,2017,20:00:00
MIN,POR,0021601178,06,04,2017,22:30:00
ATL,CLE,0021601179,07,04,2017,19:30:00
MIA,TOR,0021601180,07,04,2017,19:30:00
NYK,MEM,0021601181,07,04,2017,20:00:00
DET,HOU,0021601182,07,04,2017,20:00:00
SAS,DAL,0021601183,07,04,2017,20:30:00
NOP,DEN,0021601184,07,04,2017,21:00:00
MIN,UTA,0021601185,07,04,2017,21:00:00
OKC,PHX,0021601186,07,04,2017,22:00:00
SAC,LAL,0021601187,07,04,2017,22:30:00
CHI,BKN,0021601188,08,04,2017,17:00:00
BOS,CHA,0021601189,08,04,2017,18:00:00
IND,ORL,0021601190,08,04,2017,18:00:00
MIL,PHI,0021601191,08,04,2017,19:00:00
MIA,WAS,0021601192,08,04,2017,19:00:00
LAC,SAS,0021601193,08,04,2017,20:30:00
UTA,POR,0021601194,08,04,2017,22:00:00
NOP,GSW,0021601195,08,04,2017,22:30:00
TOR,NYK,0021601196,09,04,2017,12:00:00
CLE,ATL,0021601197,09,04,2017,15:30:00
OKC,DEN,0021601198,09,04,2017,17:00:00
DAL,PHX,0021601199,09,04,2017,18:00:00
HOU,SAC,0021601200,09,04,2017,18:00:00
DET,MEM,0021601201,09,04,2017,18:00:00
MIN,LAL,0021601202,09,04,2017,21:30:00
IND,PHI,0021601203,10,04,2017,19:00:00
BKN,BOS,0021601204,10,04,2017,19:30:00
CLE,MIA,0021601205,10,04,2017,19:30:00
ORL,CHI,0021601206,10,04,2017,20:00:00
CHA,MIL,0021601207,10,04,2017,20:00:00
WAS,DET,0021601208,10,04,2017,20:00:00
SAS,POR,0021601209,10,04,2017,22:00:00
HOU,LAC,0021601210,10,04,2017,22:30:00
UTA,GSW,0021601211,10,04,2017,22:30:00
CHA,ATL,0021601212,11,04,2017,19:30:00
OKC,MIN,0021601213,11,04,2017,20:00:00
DEN,DAL,0021601214,11,04,2017,20:30:00
NOP,LAL,0021601215,11,04,2017,22:30:00
PHX,SAC,0021601216,11,04,2017,22:30:00
DET,ORL,0021601217,12,04,2017,20:00:00
TOR,CLE,0021601218,12,04,2017,20:00:00
MIL,BOS,0021601219,12,04,2017,20:00:00
PHI,NYK,0021601220,12,04,2017,20:00:00
WAS,MIA,0021601221,12,04,2017,20:00:00
BKN,CHI,0021601222,12,04,2017,20:00:00
DAL,MEM,0021601223,12,04,2017,20:00:00
MIN,HOU,0021601224,12,04,2017,20:00:00
DEN,OKC,0021601225,12,04,2017,20:00:00
ATL,IND,0021601226,12,04,2017,20:00:00
SAS,UTA,0021601227,12,04,2017,22:30:00
SAC,LAC,0021601228,12,04,2017,22:30:00
LAL,GSW,0021601229,12,04,2017,22:30:00
NOP,POR,0021601230,12,04,2017,22:30:00
